group,domain
Shenzhen Haimai Yunxiang Media,updatenews.info
Shenzhen Haimai Yunxiang Media,volgogradpost.com
Shenzhen Haimai Yunxiang Media,ulstergrowth.com
Shenzhen Haimai Yunxiang Media,tulunet.com
Shenzhen Haimai Yunxiang Media,torinohuman.com
Shenzhen Haimai Yunxiang Media,teotihuacaneco.com
Shenzhen Haimai Yunxiang Media,taurustimes.com
Shenzhen Haimai Yunxiang Media,tarragonapost.com
Shenzhen Haimai Yunxiang Media,stptb.org
Shenzhen Haimai Yunxiang Media,sendaishimbun.com
Shenzhen Bowen Media,pollandobserver.com
Shenzhen Bowen Media,japandigest.net
Shenzhen Bowen Media,melbournenews.org
Shenzhen Bowen Media,japanheadline.com
Shenzhen Bowen Media,voiceofthailand.com
Shenzhen Bowen Media,dailybangkokpost.com
Shenzhen Bowen Media,kolnerzeitschrift.de
Shenzhen Bowen Media,italiannotizie.com
Shenzhen Bowen Media,macaoposts.com
Shenzhen Bowen Media,dailysydney.net
Shenzhen Bowen Media,bitcoinnewstokyo.com
Shanghai Haixun Technology,eutimes.fr
Shanghai Haixun Technology,hurriyetbusiness.com
Shanghai Haixun Technology,saudiweekly.com
Shanghai Haixun Technology,newzealandgazette.com
Shanghai Haixun Technology,macaomorning.com
Shanghai Haixun Technology,technologykr.com
Shanghai Haixun Technology,thaicitynews.com
Shanghai Haixun Technology,taiwanweekly.com
Shanghai Haixun Technology,malaysiaunion.com
Shanghai Haixun Technology,bitcherrynet.cn
Shanghai Haixun Technology,qichetimes.com
Shanghai Haixun Technology,digitaljapan.info
Shanghai Haixun Technology,baobeimama.com.cn
Shanghai Haixun Technology,moderntimes.com.cn
Shanghai Haixun Technology,jakartapost.org
Shanghai Haixun Technology,uscitynews.com
Shanghai Haixun Technology,russiabbs.com
Shanghai Haixun Technology,turkishdaily.org
Shanghai Haixun Technology,dertagesspiegel.com
Shanghai Haixun Technology,spaintour.club
DURINBRIDGE,dailydispatcher.com
DURINBRIDGE,easterntribunal.com
DURINBRIDGE,suratkhabar.com
DURINBRIDGE,buzzingasia.com
DURINBRIDGE,internasionalkini.com
DURINBRIDGE,thinkbusinesstoday.com
DURINBRIDGE,stargazersarchive.com
DURINBRIDGE,starsgazette.com
DURINBRIDGE,glamorousnews.com
DURINBRIDGE,lifevoyageurs.com
DURINBRIDGE,heartofmalaysia.com
